-- phpMyAdmin SQL Dump
-- version 5.2.1
-- https://www.phpmyadmin.net/
--
-- Servidor: localhost
-- Tiempo de generación: 23-11-2024 a las 03:36:53
-- Versión del servidor: 8.0.30
-- Versión de PHP: 8.1.10

SET SQL_MODE = "NO_AUTO_VALUE_ON_ZERO";
START TRANSACTION;
SET time_zone = "+00:00";


/*!40101 SET @OLD_CHARACTER_SET_CLIENT=@@CHARACTER_SET_CLIENT */;
/*!40101 SET @OLD_CHARACTER_SET_RESULTS=@@CHARACTER_SET_RESULTS */;
/*!40101 SET @OLD_COLLATION_CONNECTION=@@COLLATION_CONNECTION */;
/*!40101 SET NAMES utf8mb4 */;

--
-- Base de datos: `onfirebd`
--

-- --------------------------------------------------------

--
-- Estructura de tabla para la tabla `flama`
--

CREATE TABLE `flama` (
  `id` int NOT NULL,
  `fecha` date NOT NULL,
  `hora` time NOT NULL,
  `valor` double(30,3) NOT NULL,
  `microcontroladores_id` int NOT NULL
) ENGINE=InnoDB DEFAULT CHARSET=utf8mb4 COLLATE=utf8mb4_0900_ai_ci;

--
-- Volcado de datos para la tabla `flama`
--

INSERT INTO `flama` (`id`, `fecha`, `hora`, `valor`, `microcontroladores_id`) VALUES
(1, '2024-11-22', '17:16:00', 126.000, 2),
(2, '2024-11-22', '17:16:05', 157.000, 1),
(3, '2024-11-22', '17:16:09', 144.000, 1),
(4, '2024-11-22', '17:17:16', 119.000, 1),
(5, '2024-11-22', '17:17:29', 112.000, 1),
(6, '2024-11-22', '17:17:53', 115.000, 1),
(7, '2024-11-22', '17:17:57', 128.000, 1),
(8, '2024-11-22', '17:18:02', 133.000, 1),
(9, '2024-11-22', '17:18:05', 0.000, 2),
(10, '2024-11-22', '17:18:10', 89.000, 2),
(11, '2024-11-22', '17:18:14', 80.000, 2),
(12, '2024-11-22', '17:18:18', 83.000, 1),
(13, '2024-11-22', '17:18:23', 63.000, 1),
(14, '2024-11-22', '17:18:27', 133.000, 2),
(15, '2024-11-22', '17:18:31', 115.000, 2),
(16, '2024-11-22', '17:18:35', 91.000, 1),
(17, '2024-11-22', '17:18:40', 112.000, 1),
(18, '2024-11-22', '17:18:46', 80.000, 1),
(19, '2024-11-22', '17:18:50', 149.000, 2),
(20, '2024-11-22', '17:18:55', 139.000, 2),
(21, '2024-11-22', '17:18:59', 33.000, 1),
(22, '2024-11-22', '17:19:03', 132.000, 1),
(23, '2024-11-22', '17:19:07', 143.000, 2),
(24, '2024-11-22', '17:19:12', 135.000, 2),
(25, '2024-11-22', '17:19:16', 144.000, 1),
(26, '2024-11-22', '17:19:21', 129.000, 1),
(27, '2024-11-22', '17:19:25', 142.000, 2),
(28, '2024-11-22', '17:19:30', 147.000, 1),
(29, '2024-11-22', '17:19:35', 127.000, 1),
(30, '2024-11-22', '17:19:40', 118.000, 1),
(31, '2024-11-22', '17:19:44', 129.000, 1),
(32, '2024-11-22', '17:19:49', 130.000, 2),
(33, '2024-11-22', '17:19:54', 143.000, 1),
(34, '2024-11-22', '17:19:58', 130.000, 1),
(35, '2024-11-22', '17:20:02', 131.000, 1),
(36, '2024-11-22', '17:20:07', 146.000, 2),
(37, '2024-11-22', '17:20:11', 143.000, 1),
(38, '2024-11-22', '17:20:15', 132.000, 2),
(39, '2024-11-22', '17:20:21', 118.000, 2),
(40, '2024-11-22', '17:20:24', 142.000, 2),
(41, '2024-11-22', '17:20:28', 130.000, 2),
(42, '2024-11-22', '17:20:33', 140.000, 2),
(43, '2024-11-22', '17:20:37', 127.000, 1),
(44, '2024-11-22', '17:20:43', 113.000, 1),
(45, '2024-11-22', '17:20:48', 141.000, 2),
(46, '2024-11-22', '17:20:55', 128.000, 2),
(47, '2024-11-22', '17:20:59', 14.000, 1),
(48, '2024-11-22', '17:21:04', 59.000, 2),
(49, '2024-11-22', '17:21:08', 139.000, 2),
(50, '2024-11-22', '17:21:13', 130.000, 2),
(51, '2024-11-22', '17:21:19', 128.000, 1),
(52, '2024-11-22', '17:21:24', 139.000, 1),
(53, '2024-11-22', '17:21:28', 117.000, 2),
(54, '2024-11-22', '17:21:32', 129.000, 1),
(55, '2024-11-22', '17:21:37', 135.000, 1),
(56, '2024-11-22', '17:21:40', 128.000, 1),
(57, '2024-11-22', '17:21:44', 129.000, 1),
(58, '2024-11-22', '17:21:49', 136.000, 2),
(59, '2024-11-22', '17:21:53', 141.000, 1),
(60, '2024-11-22', '17:21:58', 131.000, 2),
(61, '2024-11-22', '17:22:02', 141.000, 1),
(62, '2024-11-22', '17:22:06', 122.000, 1),
(63, '2024-11-22', '17:22:12', 123.000, 1),
(64, '2024-11-22', '17:22:17', 128.000, 1),
(65, '2024-11-22', '17:22:23', 144.000, 1),
(66, '2024-11-22', '17:22:28', 101.000, 2),
(67, '2024-11-22', '17:22:34', 118.000, 1),
(68, '2024-11-22', '17:22:47', 3367.000, 2),
(69, '2024-11-22', '17:22:52', 129.000, 1),
(70, '2024-11-22', '17:22:56', 98.000, 2),
(71, '2024-11-22', '17:23:01', 111.000, 2),
(72, '2024-11-22', '17:23:05', 98.000, 2),
(73, '2024-11-22', '17:23:09', 80.000, 2),
(74, '2024-11-22', '17:23:14', 52.000, 1),
(75, '2024-11-22', '17:23:18', 20.000, 2),
(76, '2024-11-22', '17:23:24', 123.000, 1),
(77, '2024-11-22', '17:23:29', 147.000, 2),
(78, '2024-11-22', '17:23:33', 128.000, 1),
(79, '2024-11-22', '17:23:37', 142.000, 2),
(80, '2024-11-22', '17:23:42', 154.000, 2),
(81, '2024-11-22', '17:23:47', 161.000, 1);

-- --------------------------------------------------------

--
-- Estructura de tabla para la tabla `humedad`
--

CREATE TABLE `humedad` (
  `id` int NOT NULL,
  `fecha` date NOT NULL,
  `hora` time NOT NULL,
  `valor` double(30,3) NOT NULL,
  `microcontroladores_id` int NOT NULL
) ENGINE=InnoDB DEFAULT CHARSET=utf8mb4 COLLATE=utf8mb4_0900_ai_ci;

--
-- Volcado de datos para la tabla `humedad`
--

INSERT INTO `humedad` (`id`, `fecha`, `hora`, `valor`, `microcontroladores_id`) VALUES
(1, '2024-11-22', '17:15:59', 64.200, 1),
(2, '2024-11-22', '17:16:04', 64.100, 1),
(3, '2024-11-22', '17:16:08', 64.100, 2),
(4, '2024-11-22', '17:17:16', 64.200, 2),
(5, '2024-11-22', '17:17:28', 63.700, 2),
(6, '2024-11-22', '17:17:52', 64.000, 2),
(7, '2024-11-22', '17:17:57', 64.100, 1),
(8, '2024-11-22', '17:18:01', 64.100, 1),
(9, '2024-11-22', '17:18:05', 64.300, 2),
(10, '2024-11-22', '17:18:09', 64.000, 1),
(11, '2024-11-22', '17:18:14', 64.100, 2),
(12, '2024-11-22', '17:18:18', 64.200, 1),
(13, '2024-11-22', '17:18:22', 64.800, 2),
(14, '2024-11-22', '17:18:26', 64.500, 2),
(15, '2024-11-22', '17:18:30', 64.600, 1),
(16, '2024-11-22', '17:18:35', 65.400, 1),
(17, '2024-11-22', '17:18:40', 65.500, 1),
(18, '2024-11-22', '17:18:43', 66.500, 1),
(19, '2024-11-22', '17:18:50', 65.100, 1),
(20, '2024-11-22', '17:18:54', 64.600, 2),
(21, '2024-11-22', '17:18:58', 65.800, 1),
(22, '2024-11-22', '17:19:02', 65.700, 2),
(23, '2024-11-22', '17:19:07', 65.000, 2),
(24, '2024-11-22', '17:19:11', 64.500, 1),
(25, '2024-11-22', '17:19:16', 64.100, 2),
(26, '2024-11-22', '17:19:20', 63.800, 1),
(27, '2024-11-22', '17:19:24', 63.400, 1),
(28, '2024-11-22', '17:19:29', 63.400, 2),
(29, '2024-11-22', '17:19:35', 63.300, 2),
(30, '2024-11-22', '17:19:40', 63.500, 1),
(31, '2024-11-22', '17:19:44', 63.100, 1),
(32, '2024-11-22', '17:19:48', 63.100, 2),
(33, '2024-11-22', '17:19:53', 63.000, 2),
(34, '2024-11-22', '17:19:58', 62.800, 1),
(35, '2024-11-22', '17:20:02', 62.800, 1),
(36, '2024-11-22', '17:20:06', 62.800, 1),
(37, '2024-11-22', '17:20:11', 62.600, 1),
(38, '2024-11-22', '17:20:15', 62.700, 2),
(39, '2024-11-22', '17:20:20', 62.800, 2),
(40, '2024-11-22', '17:20:24', 63.100, 2),
(41, '2024-11-22', '17:20:28', 63.000, 1),
(42, '2024-11-22', '17:20:32', 63.000, 1),
(43, '2024-11-22', '17:20:37', 63.100, 2),
(44, '2024-11-22', '17:20:42', 63.100, 2),
(45, '2024-11-22', '17:20:48', 63.300, 2),
(46, '2024-11-22', '17:20:54', 64.500, 1),
(47, '2024-11-22', '17:20:58', 62.800, 2),
(48, '2024-11-22', '17:21:02', 61.800, 2),
(49, '2024-11-22', '17:21:08', 63.300, 1),
(50, '2024-11-22', '17:21:12', 63.200, 1),
(51, '2024-11-22', '17:21:19', 62.200, 2),
(52, '2024-11-22', '17:21:23', 61.200, 1),
(53, '2024-11-22', '17:21:27', 60.800, 1),
(54, '2024-11-22', '17:21:32', 60.500, 1),
(55, '2024-11-22', '17:21:36', 60.300, 1),
(56, '2024-11-22', '17:21:40', 60.100, 1),
(57, '2024-11-22', '17:21:44', 60.100, 1),
(58, '2024-11-22', '17:21:48', 60.100, 1),
(59, '2024-11-22', '17:21:53', 60.200, 2),
(60, '2024-11-22', '17:21:57', 60.300, 2),
(61, '2024-11-22', '17:22:02', 60.200, 2),
(62, '2024-11-22', '17:22:06', 60.300, 2),
(63, '2024-11-22', '17:22:11', 60.400, 1),
(64, '2024-11-22', '17:22:16', 61.400, 2),
(65, '2024-11-22', '17:22:21', 61.000, 1),
(66, '2024-11-22', '17:22:27', 61.000, 2),
(67, '2024-11-22', '17:22:34', 61.200, 2),
(68, '2024-11-22', '17:22:45', 62.500, 1),
(69, '2024-11-22', '17:22:52', 61.700, 1),
(70, '2024-11-22', '17:22:56', 61.500, 2),
(71, '2024-11-22', '17:23:01', 61.400, 1),
(72, '2024-11-22', '17:23:05', 61.200, 2),
(73, '2024-11-22', '17:23:09', 61.500, 1),
(74, '2024-11-22', '17:23:13', 61.200, 2),
(75, '2024-11-22', '17:23:18', 61.300, 2),
(76, '2024-11-22', '17:23:22', 62.000, 2),
(77, '2024-11-22', '17:23:28', 61.300, 2),
(78, '2024-11-22', '17:23:32', 61.000, 2),
(79, '2024-11-22', '17:23:36', 60.900, 2),
(80, '2024-11-22', '17:23:41', 60.900, 1),
(81, '2024-11-22', '17:23:45', 60.900, 2);

-- --------------------------------------------------------

--
-- Estructura de tabla para la tabla `humo`
--

CREATE TABLE `humo` (
  `id` int NOT NULL,
  `fecha` date NOT NULL,
  `hora` time NOT NULL,
  `valor` double(30,3) NOT NULL,
  `microcontroladores_id` int NOT NULL
) ENGINE=InnoDB DEFAULT CHARSET=utf8mb4 COLLATE=utf8mb4_0900_ai_ci;

--
-- Volcado de datos para la tabla `humo`
--

INSERT INTO `humo` (`id`, `fecha`, `hora`, `valor`, `microcontroladores_id`) VALUES
(1, '2024-11-22', '17:16:00', 943.000, 1),
(2, '2024-11-22', '17:16:05', 1059.000, 2),
(3, '2024-11-22', '17:16:11', 1001.000, 2),
(4, '2024-11-22', '17:17:17', 966.000, 2),
(5, '2024-11-22', '17:17:29', 910.000, 2),
(6, '2024-11-22', '17:17:53', 1079.000, 1),
(7, '2024-11-22', '17:17:58', 1062.000, 1),
(8, '2024-11-22', '17:18:02', 1067.000, 2),
(9, '2024-11-22', '17:18:06', 1072.000, 2),
(10, '2024-11-22', '17:18:11', 1031.000, 2),
(11, '2024-11-22', '17:18:15', 1079.000, 2),
(12, '2024-11-22', '17:18:18', 1263.000, 1),
(13, '2024-11-22', '17:18:23', 1404.000, 2),
(14, '2024-11-22', '17:18:27', 1309.000, 1),
(15, '2024-11-22', '17:18:32', 1258.000, 2),
(16, '2024-11-22', '17:18:36', 1431.000, 1),
(17, '2024-11-22', '17:18:40', 1415.000, 2),
(18, '2024-11-22', '17:18:47', 1345.000, 2),
(19, '2024-11-22', '17:18:50', 1296.000, 2),
(20, '2024-11-22', '17:18:55', 1255.000, 2),
(21, '2024-11-22', '17:18:59', 1278.000, 1),
(22, '2024-11-22', '17:19:03', 1232.000, 1),
(23, '2024-11-22', '17:19:08', 1227.000, 1),
(24, '2024-11-22', '17:19:12', 1200.000, 1),
(25, '2024-11-22', '17:19:17', 1204.000, 2),
(26, '2024-11-22', '17:19:21', 1188.000, 1),
(27, '2024-11-22', '17:19:26', 1184.000, 2),
(28, '2024-11-22', '17:19:31', 1175.000, 2),
(29, '2024-11-22', '17:19:36', 1165.000, 1),
(30, '2024-11-22', '17:19:41', 1138.000, 1),
(31, '2024-11-22', '17:19:45', 1166.000, 2),
(32, '2024-11-22', '17:19:49', 1121.000, 1),
(33, '2024-11-22', '17:19:54', 1136.000, 2),
(34, '2024-11-22', '17:19:59', 1130.000, 2),
(35, '2024-11-22', '17:20:03', 1137.000, 2),
(36, '2024-11-22', '17:20:08', 1136.000, 2),
(37, '2024-11-22', '17:20:12', 1141.000, 1),
(38, '2024-11-22', '17:20:16', 1156.000, 1),
(39, '2024-11-22', '17:20:21', 1135.000, 2),
(40, '2024-11-22', '17:20:25', 1138.000, 1),
(41, '2024-11-22', '17:20:28', 1136.000, 1),
(42, '2024-11-22', '17:20:33', 1149.000, 1),
(43, '2024-11-22', '17:20:37', 1154.000, 1),
(44, '2024-11-22', '17:20:44', 1153.000, 1),
(45, '2024-11-22', '17:20:49', 1158.000, 2),
(46, '2024-11-22', '17:20:55', 1200.000, 1),
(47, '2024-11-22', '17:21:00', 1390.000, 2),
(48, '2024-11-22', '17:21:05', 1424.000, 2),
(49, '2024-11-22', '17:21:09', 3022.000, 2),
(50, '2024-11-22', '17:21:14', 3267.000, 2),
(51, '2024-11-22', '17:21:19', 2512.000, 1),
(52, '2024-11-22', '17:21:24', 2195.000, 2),
(53, '2024-11-22', '17:21:29', 2079.000, 2),
(54, '2024-11-22', '17:21:33', 1980.000, 1),
(55, '2024-11-22', '17:21:37', 1893.000, 1),
(56, '2024-11-22', '17:21:41', 1861.000, 2),
(57, '2024-11-22', '17:21:45', 1819.000, 2),
(58, '2024-11-22', '17:21:49', 1744.000, 2),
(59, '2024-11-22', '17:21:54', 1735.000, 1),
(60, '2024-11-22', '17:21:58', 1667.000, 2),
(61, '2024-11-22', '17:22:03', 1642.000, 1),
(62, '2024-11-22', '17:22:07', 1594.000, 2),
(63, '2024-11-22', '17:22:12', 1573.000, 2),
(64, '2024-11-22', '17:22:18', 1535.000, 1),
(65, '2024-11-22', '17:22:24', 1488.000, 1),
(66, '2024-11-22', '17:22:29', 1534.000, 1),
(67, '2024-11-22', '17:22:41', 1590.000, 1),
(68, '2024-11-22', '17:22:47', 1467.000, 1),
(69, '2024-11-22', '17:22:53', 1504.000, 2),
(70, '2024-11-22', '17:22:57', 1519.000, 2),
(71, '2024-11-22', '17:23:01', 1499.000, 1),
(72, '2024-11-22', '17:23:06', 1475.000, 2),
(73, '2024-11-22', '17:23:10', 1442.000, 2),
(74, '2024-11-22', '17:23:15', 1478.000, 1),
(75, '2024-11-22', '17:23:19', 1526.000, 2),
(76, '2024-11-22', '17:23:24', 1445.000, 1),
(77, '2024-11-22', '17:23:29', 1403.000, 1),
(78, '2024-11-22', '17:23:33', 1365.000, 2),
(79, '2024-11-22', '17:23:38', 1350.000, 1),
(80, '2024-11-22', '17:23:42', 1351.000, 1),
(81, '2024-11-22', '17:23:47', 1313.000, 2);

-- --------------------------------------------------------

--
-- Estructura de tabla para la tabla `microcontroladores`
--

CREATE TABLE `microcontroladores` (
  `id` int NOT NULL,
  `nombre` varchar(50) NOT NULL,
  `ubicaciones_id` int NOT NULL
) ENGINE=InnoDB DEFAULT CHARSET=utf8mb4 COLLATE=utf8mb4_0900_ai_ci;

--
-- Volcado de datos para la tabla `microcontroladores`
--

INSERT INTO `microcontroladores` (`id`, `nombre`, `ubicaciones_id`) VALUES
(1, 'ESP32', 1),
(2, 'ESP32', 2);

-- --------------------------------------------------------

--
-- Estructura de tabla para la tabla `temperatura`
--

CREATE TABLE `temperatura` (
  `id` int NOT NULL,
  `fecha` date NOT NULL,
  `hora` time NOT NULL,
  `valor` double(30,3) NOT NULL,
  `microcontroladores_id` int NOT NULL
) ENGINE=InnoDB DEFAULT CHARSET=utf8mb4 COLLATE=utf8mb4_0900_ai_ci;

--
-- Volcado de datos para la tabla `temperatura`
--

INSERT INTO `temperatura` (`id`, `fecha`, `hora`, `valor`, `microcontroladores_id`) VALUES
(1, '2024-11-22', '17:15:59', 18.200, 2),
(2, '2024-11-22', '17:16:03', 18.200, 2),
(3, '2024-11-22', '17:16:08', 18.300, 1),
(4, '2024-11-22', '17:17:15', 18.400, 2),
(5, '2024-11-22', '17:17:28', 18.400, 2),
(6, '2024-11-22', '17:17:52', 18.300, 2),
(7, '2024-11-22', '17:17:56', 18.300, 1),
(8, '2024-11-22', '17:18:00', 18.200, 1),
(9, '2024-11-22', '17:18:04', 18.200, 1),
(10, '2024-11-22', '17:18:09', 18.200, 2),
(11, '2024-11-22', '17:18:14', 18.200, 1),
(12, '2024-11-22', '17:18:17', 18.200, 2),
(13, '2024-11-22', '17:18:21', 18.200, 2),
(14, '2024-11-22', '17:18:26', 18.300, 2),
(15, '2024-11-22', '17:18:30', 18.300, 1),
(16, '2024-11-22', '17:18:35', 18.400, 1),
(17, '2024-11-22', '17:18:39', 18.400, 1),
(18, '2024-11-22', '17:18:43', 18.400, 2),
(19, '2024-11-22', '17:18:49', 18.500, 1),
(20, '2024-11-22', '17:18:54', 18.500, 2),
(21, '2024-11-22', '17:18:58', 18.600, 2),
(22, '2024-11-22', '17:19:02', 18.600, 2),
(23, '2024-11-22', '17:19:06', 18.700, 1),
(24, '2024-11-22', '17:19:11', 18.700, 1),
(25, '2024-11-22', '17:19:15', 18.700, 2),
(26, '2024-11-22', '17:19:20', 18.700, 1),
(27, '2024-11-22', '17:19:24', 18.700, 2),
(28, '2024-11-22', '17:19:29', 18.700, 1),
(29, '2024-11-22', '17:19:34', 18.800, 2),
(30, '2024-11-22', '17:19:40', 18.800, 1),
(31, '2024-11-22', '17:19:44', 18.700, 1),
(32, '2024-11-22', '17:19:48', 18.800, 1),
(33, '2024-11-22', '17:19:52', 18.800, 1),
(34, '2024-11-22', '17:19:57', 18.700, 2),
(35, '2024-11-22', '17:20:02', 18.700, 2),
(36, '2024-11-22', '17:20:06', 18.800, 2),
(37, '2024-11-22', '17:20:11', 18.700, 2),
(38, '2024-11-22', '17:20:14', 18.700, 1),
(39, '2024-11-22', '17:20:19', 18.800, 1),
(40, '2024-11-22', '17:20:23', 18.700, 2),
(41, '2024-11-22', '17:20:27', 18.700, 2),
(42, '2024-11-22', '17:20:31', 18.700, 1),
(43, '2024-11-22', '17:20:36', 18.700, 2),
(44, '2024-11-22', '17:20:42', 18.700, 2),
(45, '2024-11-22', '17:20:48', 19.000, 2),
(46, '2024-11-22', '17:20:53', 19.800, 2),
(47, '2024-11-22', '17:20:58', 19.800, 1),
(48, '2024-11-22', '17:21:02', 19.900, 2),
(49, '2024-11-22', '17:21:08', 19.900, 2),
(50, '2024-11-22', '17:21:12', 20.000, 1),
(51, '2024-11-22', '17:21:18', 20.000, 1),
(52, '2024-11-22', '17:21:22', 20.000, 2),
(53, '2024-11-22', '17:21:27', 20.000, 1),
(54, '2024-11-22', '17:21:31', 20.000, 1),
(55, '2024-11-22', '17:21:36', 20.000, 1),
(56, '2024-11-22', '17:21:40', 20.000, 1),
(57, '2024-11-22', '17:21:44', 20.000, 1),
(58, '2024-11-22', '17:21:48', 20.000, 2),
(59, '2024-11-22', '17:21:52', 19.900, 2),
(60, '2024-11-22', '17:21:57', 19.800, 1),
(61, '2024-11-22', '17:22:01', 19.800, 1),
(62, '2024-11-22', '17:22:06', 19.800, 2),
(63, '2024-11-22', '17:22:10', 19.800, 1),
(64, '2024-11-22', '17:22:16', 19.700, 2),
(65, '2024-11-22', '17:22:21', 19.600, 1),
(66, '2024-11-22', '17:22:27', 19.600, 2),
(67, '2024-11-22', '17:22:33', 19.600, 1),
(68, '2024-11-22', '17:22:44', 19.600, 2),
(69, '2024-11-22', '17:22:52', 19.700, 1),
(70, '2024-11-22', '17:22:56', 19.700, 2),
(71, '2024-11-22', '17:23:00', 19.600, 2),
(72, '2024-11-22', '17:23:04', 19.600, 2),
(73, '2024-11-22', '17:23:09', 19.600, 2),
(74, '2024-11-22', '17:23:13', 19.600, 1),
(75, '2024-11-22', '17:23:17', 19.600, 1),
(76, '2024-11-22', '17:23:22', 19.600, 2),
(77, '2024-11-22', '17:23:27', 19.600, 1),
(78, '2024-11-22', '17:23:32', 19.600, 1),
(79, '2024-11-22', '17:23:36', 19.700, 2),
(80, '2024-11-22', '17:23:41', 19.700, 2),
(81, '2024-11-22', '17:23:45', 19.600, 2),
(82, '2024-11-22', '17:23:50', 19.600, 1);

-- --------------------------------------------------------

--
-- Estructura de tabla para la tabla `ubicaciones`
--

CREATE TABLE `ubicaciones` (
  `id` int NOT NULL,
  `descripcion` varchar(200) NOT NULL,
  `latitud` float NOT NULL,
  `longitud` float NOT NULL
) ENGINE=InnoDB DEFAULT CHARSET=utf8mb4 COLLATE=utf8mb4_0900_ai_ci;

--
-- Volcado de datos para la tabla `ubicaciones`
--

INSERT INTO `ubicaciones` (`id`, `descripcion`, `latitud`, `longitud`) VALUES
(1, 'La Paz, Bolivia, Zona Central', -16.5526, -68.0718),
(2, 'La Paz, Bolivia, Zona Sur', -16.5523, -68.0727),
(3, 'La Paz,Bolivia,Zona Norte', -16.554, -68.0713);

-- --------------------------------------------------------

--
-- Estructura de tabla para la tabla `usuarios`
--

CREATE TABLE `usuarios` (
  `id` int NOT NULL,
  `usuario` varchar(50) NOT NULL,
  `password` varchar(30) NOT NULL
) ENGINE=InnoDB DEFAULT CHARSET=utf8mb4 COLLATE=utf8mb4_0900_ai_ci;

--
-- Índices para tablas volcadas
--

--
-- Indices de la tabla `flama`
--
ALTER TABLE `flama`
  ADD PRIMARY KEY (`id`);

--
-- Indices de la tabla `humedad`
--
ALTER TABLE `humedad`
  ADD PRIMARY KEY (`id`);

--
-- Indices de la tabla `humo`
--
ALTER TABLE `humo`
  ADD PRIMARY KEY (`id`);

--
-- Indices de la tabla `microcontroladores`
--
ALTER TABLE `microcontroladores`
  ADD PRIMARY KEY (`id`);

--
-- Indices de la tabla `temperatura`
--
ALTER TABLE `temperatura`
  ADD PRIMARY KEY (`id`);

--
-- Indices de la tabla `ubicaciones`
--
ALTER TABLE `ubicaciones`
  ADD PRIMARY KEY (`id`);

--
-- Indices de la tabla `usuarios`
--
ALTER TABLE `usuarios`
  ADD PRIMARY KEY (`id`);

--
-- AUTO_INCREMENT de las tablas volcadas
--

--
-- AUTO_INCREMENT de la tabla `flama`
--
ALTER TABLE `flama`
  MODIFY `id` int NOT NULL AUTO_INCREMENT, AUTO_INCREMENT=82;

--
-- AUTO_INCREMENT de la tabla `humedad`
--
ALTER TABLE `humedad`
  MODIFY `id` int NOT NULL AUTO_INCREMENT, AUTO_INCREMENT=82;

--
-- AUTO_INCREMENT de la tabla `humo`
--
ALTER TABLE `humo`
  MODIFY `id` int NOT NULL AUTO_INCREMENT, AUTO_INCREMENT=82;

--
-- AUTO_INCREMENT de la tabla `microcontroladores`
--
ALTER TABLE `microcontroladores`
  MODIFY `id` int NOT NULL AUTO_INCREMENT, AUTO_INCREMENT=3;

--
-- AUTO_INCREMENT de la tabla `temperatura`
--
ALTER TABLE `temperatura`
  MODIFY `id` int NOT NULL AUTO_INCREMENT, AUTO_INCREMENT=83;

--
-- AUTO_INCREMENT de la tabla `ubicaciones`
--
ALTER TABLE `ubicaciones`
  MODIFY `id` int NOT NULL AUTO_INCREMENT, AUTO_INCREMENT=4;

--
-- AUTO_INCREMENT de la tabla `usuarios`
--
ALTER TABLE `usuarios`
  MODIFY `id` int NOT NULL AUTO_INCREMENT;
COMMIT;

/*!40101 SET CHARACTER_SET_CLIENT=@OLD_CHARACTER_SET_CLIENT */;
/*!40101 SET CHARACTER_SET_RESULTS=@OLD_CHARACTER_SET_RESULTS */;
/*!40101 SET COLLATION_CONNECTION=@OLD_COLLATION_CONNECTION */;
